{
  "sweep_seq_len": {
    "seq_lens": [
      2048,
      4096,
      8192,
      16384,
      32768
    ],
    "static_sp8": [
      2675.755615234375,
      2686.1476236979165,
      2825.55908203125,
      3803.1272786458335,
      7271.337727864583
    ],
    "dynamic": [
      404.92238362630206,
      864.2623494466146,
      1395.767578125,
      3174.5187174479165,
      6805.923665364583
    ]
  },
  "sweep_num_seqs": {
    "counts": [
      1,
      2,
      4,
      8,
      12,
      16
    ],
    "static_sp8": [
      342.962158203125,
      685.4205932617188,
      1375.0642496744792,
      2754.3256022135415,
      4098.2459716796875,
      5483.465169270833
    ],
    "dynamic": [
      698.8391723632812,
      697.4508056640625,
      698.3262329101562,
      1405.8794352213542,
      2099.16552734375,
      2845.2876790364585
    ]
  },
  "sweep_sp_size": {
    "sp_sizes": [
      1,
      2,
      4,
      8
    ],
    "times": [
      1231.3460286458333,
      697.1855875651041,
      440.805908203125,
      341.36688232421875
    ],
    "throughput": [
      6652.882138263857,
      11750.099465782516,
      18584.14292447527,
      23997.641318408605
    ]
  },
  "sweep_mixed_ratio": {
    "ratios": [
      [
        0,
        8
      ],
      [
        1,
        7
      ],
      [
        2,
        6
      ],
      [
        4,
        4
      ],
      [
        6,
        2
      ],
      [
        8,
        0
      ]
    ],
    "static_sp8": [
      2563.578567504883,
      3140.906478881836,
      3727.2772827148438,
      4969.374954223633,
      6107.180679321289,
      7320.248474121094
    ],
    "dynamic": [
      396.7466583251953,
      2098.1060791015625,
      2095.27001953125,
      3846.7508544921875,
      5511.76220703125,
      6815.960693359375
    ]
  }
}