{
  "steps": [
    0,
    1,
    2,
    3,
    4,
    5,
    6,
    7,
    8,
    9,
    10,
    11,
    12,
    13,
    14,
    15,
    16,
    17,
    18,
    19,
    20,
    21,
    22,
    23,
    24,
    25,
    26,
    27,
    28,
    29,
    30,
    31,
    32,
    33,
    34,
    35,
    36,
    37,
    38,
    39,
    40,
    41,
    42,
    43,
    44,
    45,
    46,
    47,
    48,
    49
  ],
  "serial": [
    0.9998632669448853,
    0.9997011423110962,
    0.9990900158882141,
    1.0007562637329102,
    1.0002154111862183,
    0.9999768137931824,
    0.9980234503746033,
    0.9984288215637207,
    0.9970125555992126,
    0.9982180595397949,
    0.9985815286636353,
    0.9975754022598267,
    0.9965150952339172,
    0.9962087869644165,
    0.9955264925956726,
    0.9951038360595703,
    0.9967046976089478,
    0.9942577481269836,
    0.995884120464325,
    0.9942023158073425,
    0.993623673915863,
    0.9931852221488953,
    0.992928147315979,
    0.9932793974876404,
    0.9915985465049744,
    0.9911581873893738,
    0.9909507632255554,
    0.991627037525177,
    0.9912916421890259,
    0.9904786348342896,
    0.9888973236083984,
    0.989493191242218,
    0.9871978759765625,
    0.9893941879272461,
    0.9875364303588867,
    0.9872362017631531,
    0.9866073727607727,
    0.9853650331497192,
    0.9850782752037048,
    0.984894871711731,
    0.9842939376831055,
    0.984836757183075,
    0.9830815196037292,
    0.9817075729370117,
    0.9825283288955688,
    0.9817783236503601,
    0.981299102306366,
    0.9800466895103455,
    0.9797324538230896,
    0.9778404235839844
  ],
  "v2": [
    0.9998626708984375,
    0.9997026324272156,
    0.9990911483764648,
    1.000758409500122,
    1.0002168416976929,
    0.9999780654907227,
    0.9980248808860779,
    0.9984295964241028,
    0.9970130324363708,
    0.9982187151908875,
    0.9985824823379517,
    0.9975765347480774,
    0.9965158700942993,
    0.9962091445922852,
    0.9955272078514099,
    0.9951044321060181,
    0.9967055320739746,
    0.9942584037780762,
    0.9958853125572205,
    0.9942033886909485,
    0.9936243295669556,
    0.9931861758232117,
    0.9929289817810059,
    0.9932800531387329,
    0.9915990233421326,
    0.991158664226532,
    0.9909511804580688,
    0.9916273355484009,
    0.9912919998168945,
    0.9904786348342896,
    0.9888975024223328,
    0.9894936680793762,
    0.9871980547904968,
    0.9893946647644043,
    0.9875370264053345,
    0.9872362017631531,
    0.9866077303886414,
    0.985365092754364,
    0.9850785136222839,
    0.9848952293395996,
    0.9842939376831055,
    0.984836995601654,
    0.9830816388130188,
    0.9817075133323669,
    0.9825283288955688,
    0.9817785620689392,
    0.981299102306366,
    0.9800464510917664,
    0.9797326326370239,
    0.9778404235839844
  ],
  "fwd_rel": 0.00046848791687685077,
  "grad_x_rel": 0.0003011704338851046,
  "max_grad_w_rel": 0.04435349960141239,
  "max_loss_diff": 2.1441456508787693e-06
}