{
  "seq_lens": [
    2048,
    3072,
    4096,
    6144,
    8192,
    12288,
    16384,
    24576,
    32768
  ],
  "strategies": [
    "serial",
    "fused_var",
    "fused_var_v2"
  ],
  "data": {
    "serial": {
      "fwd": [
        109.80480041503907,
        113.35613403320312,
        111.21185302734375,
        114.69704132080078,
        108.9564926147461,
        118.02022399902344,
        138.7853240966797,
        200.7655517578125,
        274.09868774414065
      ],
      "bwd": [
        133.4787109375,
        142.35968322753905,
        130.1959228515625,
        134.01455993652343,
        137.93027954101564,
        174.77284545898436,
        230.7419219970703,
        370.15288696289065,
        540.5816650390625
      ],
      "total": [
        364.06895141601564,
        376.822119140625,
        362.6294921875,
        369.9597229003906,
        368.0322570800781,
        413.5401245117188,
        490.56988525390625,
        692.4934692382812,
        937.214697265625
      ],
      "wall": [
        364.06895141601564,
        376.822119140625,
        362.6294921875,
        369.9597229003906,
        368.0322570800781,
        413.5401245117188,
        490.56988525390625,
        692.4934692382812,
        937.214697265625
      ],
      "throughput": [
        5625.308041332489,
        8152.387675665002,
        11295.275448479342,
        16607.213217245906,
        22258.918457295844,
        29714.166223915683,
        33397.89190590056,
        35489.14335182503,
        34963.17342824694
      ],
      "peak_mb": [
        53909.0869140625,
        66497.8388671875,
        66503.4697265625,
        66569.033203125,
        66697.01123046875,
        71084.56689453125,
        80637.02197265625,
        100392.34423828125,
        119959.31201171875
      ]
    },
    "fused_var": {
      "fwd": [
        107.7608642578125,
        109.94732208251953,
        107.88779296875,
        107.58851165771485,
        108.10215759277344,
        119.65493774414062,
        148.013720703125,
        217.12901000976564,
        294.32119140625
      ],
      "bwd": [
        138.2463134765625,
        142.19306030273438,
        143.69544372558593,
        140.94237060546874,
        149.91986694335938,
        193.74853515625,
        250.31379089355468,
        392.5592895507813,
        560.7430786132812
      ],
      "total": [
        356.6445678710937,
        362.944775390625,
        362.24940185546876,
        359.156494140625,
        380.5777160644531,
        423.7995361328125,
        508.5849975585937,
        720.7381103515625,
        966.5089965820313
      ],
      "wall": [
        356.6445678710937,
        362.944775390625,
        362.24940185546876,
        359.156494140625,
        380.5777160644531,
        423.7995361328125,
        508.5849975585937,
        720.7381103515625,
        966.5089965820313
      ],
      "throughput": [
        5742.411870241167,
        8464.097593617958,
        11307.127020831445,
        17106.74900839845,
        21525.169904095583,
        28994.840608200015,
        32214.870825229973,
        34098.37727050716,
        33903.4609257451
      ],
      "peak_mb": [
        50483.838134765625,
        63058.590087890625,
        63083.595947265625,
        50650.488525390625,
        63390.637451171875,
        68980.19311523438,
        78408.02319335938,
        97916.97045898438,
        104698.43823242188
      ]
    },
    "fused_var_v2": {
      "fwd": [
        109.40666809082032,
        109.48226470947266,
        106.76017761230469,
        109.76956787109376,
        109.73319702148437,
        119.970068359375,
        148.85433044433594,
        216.93089599609374,
        293.91790161132815
      ],
      "bwd": [
        139.94658508300782,
        138.71530151367188,
        139.0260803222656,
        140.61825866699218,
        143.08035278320312,
        175.1317108154297,
        233.57567749023437,
        373.613134765625,
        547.99765625
      ],
      "total": [
        359.9301696777344,
        358.6841613769531,
        356.36570434570314,
        361.01190795898435,
        363.388525390625,
        405.69296875,
        493.512060546875,
        702.1781860351563,
        954.3813232421875
      ],
      "wall": [
        359.9301696777344,
        358.6841613769531,
        356.36570434570314,
        361.01190795898435,
        363.388525390625,
        405.69296875,
        493.512060546875,
        702.1781860351563,
        954.3813232421875
      ],
      "throughput": [
        5689.992594490451,
        8564.63800410616,
        11493.810852310731,
        17018.8291980054,
        22543.364546786386,
        30288.915378201265,
        33198.783393144266,
        34999.66317491034,
        34334.28463235409
      ],
      "peak_mb": [
        50504.089111328125,
        63088.591064453125,
        63127.343017578125,
        50678.518798828125,
        50811.274658203125,
        55854.694091796875,
        77776.52416992188,
        96947.97143554688,
        103417.56420898438
      ]
    }
  }
}