{
  "steps": [
    0,
    1,
    2,
    3,
    4,
    5,
    6,
    7,
    8,
    9,
    10,
    11,
    12,
    13,
    14,
    15,
    16,
    17,
    18,
    19,
    20,
    21,
    22,
    23,
    24,
    25,
    26,
    27,
    28,
    29,
    30,
    31,
    32,
    33,
    34,
    35,
    36,
    37,
    38,
    39,
    40,
    41,
    42,
    43,
    44,
    45,
    46,
    47,
    48,
    49
  ],
  "serial": [
    0.9998632669448853,
    0.9997011423110962,
    0.9990900158882141,
    1.0007562637329102,
    1.0002154111862183,
    0.9999767541885376,
    0.9980234503746033,
    0.9984288215637207,
    0.9970125555992126,
    0.9982179999351501,
    0.9985815286636353,
    0.9975754618644714,
    0.9965150952339172,
    0.9962087869644165,
    0.9955264329910278,
    0.9951038360595703,
    0.9967046976089478,
    0.9942577481269836,
    0.995884120464325,
    0.9942024350166321,
    0.993623673915863,
    0.9931851625442505,
    0.992928147315979,
    0.9932793974876404,
    0.9915985465049744,
    0.9911581873893738,
    0.9909507632255554,
    0.9916271567344666,
    0.9912916421890259,
    0.9904786348342896,
    0.9888973236083984,
    0.989493191242218,
    0.9871978759765625,
    0.9893941879272461,
    0.9875364303588867,
    0.9872363209724426,
    0.9866074919700623,
    0.9853650331497192,
    0.9850782752037048,
    0.9848947525024414,
    0.9842938780784607,
    0.9848366975784302,
    0.9830814599990845,
    0.9817073941230774,
    0.9825282096862793,
    0.9817783236503601,
    0.9812990427017212,
    0.9800465703010559,
    0.9797322154045105,
    0.97784024477005
  ],
  "var": [
    0.9998626112937927,
    0.9997026324272156,
    0.9990911483764648,
    1.000758409500122,
    1.0002168416976929,
    0.9999780058860779,
    0.9980247616767883,
    0.9984295964241028,
    0.9970129132270813,
    0.998218834400177,
    0.9985824823379517,
    0.9975765347480774,
    0.9965158700942993,
    0.9962091445922852,
    0.9955272674560547,
    0.9951044321060181,
    0.9967055320739746,
    0.9942585229873657,
    0.9958853125572205,
    0.9942032694816589,
    0.9936243891716003,
    0.9931861758232117,
    0.9929289221763611,
    0.9932800531387329,
    0.991598904132843,
    0.9911587834358215,
    0.9909511804580688,
    0.9916273355484009,
    0.9912919998168945,
    0.9904786944389343,
    0.9888975024223328,
    0.9894937872886658,
    0.9871981739997864,
    0.9893947839736938,
    0.9875370860099792,
    0.9872363209724426,
    0.9866077303886414,
    0.9853652119636536,
    0.9850786328315735,
    0.9848952293395996,
    0.9842939376831055,
    0.984836995601654,
    0.9830816388130188,
    0.9817075729370117,
    0.9825283288955688,
    0.9817785620689392,
    0.981299102306366,
    0.9800466895103455,
    0.9797326922416687,
    0.9778406023979187
  ],
  "fwd_rel": 0.0004684751154015824,
  "grad_x_rel": 0.00030033368032907147,
  "max_grad_w_rel": 0.044358223627759145,
  "max_loss_diff": 2.1441456508787693e-06
}