{
  "steps": [
    0,
    1,
    2,
    3,
    4,
    5,
    6,
    7,
    8,
    9,
    10,
    11,
    12,
    13,
    14,
    15,
    16,
    17,
    18,
    19
  ],
  "serial": [
    0.9998632669448853,
    0.9970564246177673,
    0.9946817755699158,
    0.9925264716148376,
    0.9904347658157349,
    0.9883208274841309,
    0.9861327409744263,
    0.9838448762893677,
    0.9814546704292297,
    0.9789580702781677,
    0.9763422012329102,
    0.9735960364341736,
    0.9707012176513672,
    0.9676401019096375,
    0.9643915295600891,
    0.9609308242797852,
    0.9572412371635437,
    0.9533022046089172,
    0.949089527130127,
    0.9445764422416687
  ],
  "var": [
    0.9998626112937927,
    0.9970488548278809,
    0.9946737289428711,
    0.99251788854599,
    0.9904241561889648,
    0.9883062243461609,
    0.9861124157905579,
    0.983818531036377,
    0.9814220666885376,
    0.9789186716079712,
    0.9762951135635376,
    0.9735403060913086,
    0.9706348776817322,
    0.9675605893135071,
    0.9642958045005798,
    0.9608149528503418,
    0.9571003317832947,
    0.9531305432319641,
    0.9488791823387146,
    0.9443178176879883
  ],
  "fwd_rel": 0.0004684751154015824,
  "grad_x_rel": 0.000299954314921436,
  "max_grad_w_rel": 0.04435806351418696,
  "max_loss_diff": 0.0002737994929543841
}