{
  "seq_lens": [
    2048,
    4096,
    8192,
    16384,
    32768
  ],
  "strategies": [
    "serial",
    "fused_var"
  ],
  "data": {
    "serial": {
      "fwd": [
        93.12626571655274,
        93.79716110229492,
        96.03277282714843,
        134.19887084960936,
        284.63401184082034
      ],
      "bwd": [
        155.76691284179688,
        150.29345703125,
        185.95916748046875,
        284.0621704101562,
        585.1536804199219
      ],
      "total": [
        248.0579833984375,
        243.93417053222657,
        281.8881896972656,
        418.25294494628906,
        869.7639953613282
      ],
      "wall": [
        248.0579833984375,
        243.93417053222657,
        281.8881896972656,
        418.25294494628906,
        869.7639953613282
      ],
      "throughput": [
        8256.134198714526,
        16791.415450583092,
        29061.167865166026,
        39172.4677565725,
        37674.587790205216
      ],
      "peak_mb": [
        60403.07470703125,
        65378.50830078125,
        75242.6865234375,
        94898.2607421875,
        134224.783203125
      ]
    },
    "fused_var": {
      "fwd": [
        92.34339294433593,
        88.9597053527832,
        91.47398147583007,
        144.63031005859375,
        295.1584716796875
      ],
      "bwd": [
        153.76039123535156,
        163.5907974243164,
        198.54663543701173,
        300.64112548828126,
        604.0776000976563
      ],
      "total": [
        245.1948501586914,
        251.9898941040039,
        290.00986633300784,
        445.25925903320314,
        899.227197265625
      ],
      "wall": [
        245.1948501586914,
        251.9898941040039,
        290.00986633300784,
        445.25925903320314,
        899.227197265625
      ],
      "throughput": [
        8352.540841190277,
        16254.620109128091,
        28247.314836500846,
        36796.5396959398,
        36440.17896660723
      ],
      "peak_mb": [
        56615.629638671875,
        61547.880615234375,
        71252.96704101562,
        90660.11938476562,
        129541.48559570312
      ]
    }
  }
}