{
  "seq_lens": [
    2048,
    3072,
    4096,
    6144,
    8192,
    12288,
    16384,
    24576,
    32768
  ],
  "strategies": [
    "serial",
    "fused_var"
  ],
  "data": {
    "serial": {
      "fwd": [
        91.82682495117187,
        97.96820755004883,
        100.63557205200195,
        96.04919357299805,
        108.49543609619141,
        109.61403274536133,
        134.0653518676758,
        199.92719573974608,
        276.18409118652346
      ],
      "bwd": [
        147.7667022705078,
        147.5362075805664,
        149.80636291503907,
        168.5637649536133,
        185.8159652709961,
        232.26441802978516,
        284.0048858642578,
        419.7494720458984,
        586.4905090332031
      ],
      "total": [
        238.8771194458008,
        244.6766830444336,
        250.3482177734375,
        264.50600280761716,
        294.2015869140625,
        341.76654052734375,
        418.0533020019531,
        619.6722045898438,
        862.6707092285156
      ],
      "wall": [
        238.8771194458008,
        244.6766830444336,
        250.3482177734375,
        264.50600280761716,
        294.2015869140625,
        341.76654052734375,
        418.0533020019531,
        619.6722045898438,
        862.6707092285156
      ],
      "throughput": [
        8573.445647500259,
        12555.344308971693,
        16361.210942219834,
        23228.206296961467,
        27844.853203979885,
        35954.3680930254,
        39191.17471753268,
        39659.67783929677,
        37984.36605005906
      ],
      "peak_mb": [
        60403.07470703125,
        62903.25439453125,
        65376.13427734375,
        70640.78857421875,
        75240.6953125,
        85308.166015625,
        94898.2216796875,
        114700.150390625,
        134222.6943359375
      ]
    },
    "fused_var": {
      "fwd": [
        95.67935714721679,
        91.9934310913086,
        91.1713363647461,
        93.45980529785156,
        99.59518356323242,
        114.24223480224609,
        145.33578796386718,
        216.08385772705077,
        295.44036560058595
      ],
      "bwd": [
        154.19622039794922,
        154.23019256591797,
        162.67580871582032,
        177.27660522460937,
        198.7082733154297,
        247.92999725341798,
        300.8046539306641,
        438.41526184082034,
        603.2524169921875
      ],
      "total": [
        249.15492401123046,
        245.37393035888672,
        253.72333679199218,
        270.6561279296875,
        298.2952178955078,
        362.1688629150391,
        446.13478393554686,
        654.495361328125,
        898.6841491699219
      ],
      "wall": [
        249.15492401123046,
        245.37393035888672,
        253.72333679199218,
        270.6561279296875,
        298.2952178955078,
        362.1688629150391,
        446.13478393554686,
        654.495361328125,
        898.6841491699219
      ],
      "throughput": [
        8219.785373006267,
        12519.667413350953,
        16143.56823376475,
        22700.39125659893,
        27462.726549205498,
        33928.92448317025,
        36724.327691890976,
        37549.54038196622,
        36462.198682670074
      ],
      "peak_mb": [
        56595.879638671875,
        59051.931396484375,
        61536.996826171875,
        66637.88256835938,
        71252.81469726562,
        81205.92309570312,
        90659.57348632812,
        110236.75610351562,
        129540.43286132812
      ]
    }
  }
}